{"label":"YYY - Json test","startZoom":4,"version":"6.2","startPosition":{"x":0,"y":0},"lines":null,"linesArray":[[2,-63,21.609166490151893,-0.02723836577454275,41.89397785136056,-35.161565556336775],[2,-62,41.89397785136056,-35.161565556336775,77.02830528874765,-14.876754622641354],[2,-61,56.743494421188686,20.25757171289437,21.609166490151893,-0.02723836577454275],[2,-60,77.02830492737085,-14.876755971317571,56.743494421188686,20.25757171289437]]}